case_id,point,parameter,residual_norm,stable,unstable_dimension,state_0,state_1
MC-EQ-002,0,-2,0,1,0,0,0
MC-EQ-002,1,-1.98,0,1,0,0,0
MC-EQ-002,2,-1.954,0,1,0,0,0
MC-EQ-002,3,-1.9202,0,1,0,0,0
MC-EQ-002,4,-1.87626,0,1,0,0,0
MC-EQ-002,5,-1.82626,0,1,0,0,0
MC-EQ-002,6,-1.77626,0,1,0,0,0
MC-EQ-002,7,-1.72626,0,1,0,0,0
MC-EQ-002,8,-1.67626,0,1,0,0,0
MC-EQ-002,9,-1.62626,0,1,0,0,0
MC-EQ-002,10,-1.57626,0,1,0,0,0
MC-EQ-002,11,-1.52626,0,1,0,0,0
MC-EQ-002,12,-1.47626,0,1,0,0,0
MC-EQ-002,13,-1.42626,0,1,0,0,0
MC-EQ-002,14,-1.37626,0,1,0,0,0
MC-EQ-002,15,-1.32626,0,1,0,0,0
MC-EQ-002,16,-1.27626,0,1,0,0,0
MC-EQ-002,17,-1.22626,0,1,0,0,0
MC-EQ-002,18,-1.17626,0,1,0,0,0
MC-EQ-002,19,-1.12626,0,1,0,0,0
MC-EQ-002,20,-1.07626,0,1,0,0,0
MC-EQ-002,21,-1.02626,0,1,0,0,0
MC-EQ-002,22,-0.976259999999999,0,1,0,0,0
MC-EQ-002,23,-0.926259999999999,0,1,0,0,0
MC-EQ-002,24,-0.876259999999999,0,1,0,0,0
MC-EQ-002,25,-0.826259999999999,0,1,0,0,0
MC-EQ-002,26,-0.776259999999999,0,1,0,0,0
MC-EQ-002,27,-0.726259999999999,0,1,0,0,0
MC-EQ-002,28,-0.676259999999999,0,1,0,0,0
MC-EQ-002,29,-0.626259999999999,0,1,0,0,0
MC-EQ-002,30,-0.576259999999999,0,1,0,0,0
MC-EQ-002,31,-0.526259999999999,0,1,0,0,0
MC-EQ-002,32,-0.476259999999999,0,1,0,0,0
MC-EQ-002,33,-0.426259999999999,0,1,0,0,0
MC-EQ-002,34,-0.376259999999999,0,1,0,0,0
MC-EQ-002,35,-0.326259999999999,0,1,0,0,0
MC-EQ-002,36,-0.276259999999999,0,1,0,0,0
MC-EQ-002,37,-0.226259999999999,0,1,0,0,0
MC-EQ-002,38,-0.176259999999999,0,1,0,0,0
MC-EQ-002,39,-0.126259999999999,0,1,0,0,0
MC-EQ-002,40,-0.0762599999999987,0,1,0,0,0
MC-EQ-002,41,-0.0262599999999987,0,1,0,0,0
MC-EQ-002,42,0,0,1,0,0,0
MC-EQ-002,43,0.0237400000000013,0,0,2,0,0
MC-EQ-002,44,0.0737400000000013,0,0,2,0,0
MC-EQ-002,45,0.123740000000001,0,0,2,0,0
MC-EQ-002,46,0.173740000000001,0,0,2,0,0
MC-EQ-002,47,0.223740000000001,0,0,2,0,0
MC-EQ-002,48,0.273740000000001,0,0,2,0,0
MC-EQ-002,49,0.323740000000001,0,0,2,0,0
MC-EQ-002,50,0.373740000000001,0,0,2,0,0
MC-EQ-002,51,0.423740000000001,0,0,2,0,0
MC-EQ-002,52,0.473740000000001,0,0,2,0,0
MC-EQ-002,53,0.523740000000001,0,0,2,0,0
MC-EQ-002,54,0.573740000000001,0,0,2,0,0
MC-EQ-002,55,0.623740000000001,0,0,2,0,0
MC-EQ-002,56,0.673740000000001,0,0,2,0,0
MC-EQ-002,57,0.723740000000001,0,0,2,0,0
MC-EQ-002,58,0.773740000000002,0,0,2,0,0
MC-EQ-002,59,0.823740000000002,0,0,2,0,0
MC-EQ-002,60,0.873740000000002,0,0,2,0,0
MC-EQ-002,61,0.923740000000002,0,0,2,0,0
MC-EQ-002,62,0.973740000000002,0,0,2,0,0
MC-EQ-002,63,1.02374,0,0,2,0,0
MC-EQ-002,64,1.07374,0,0,2,0,0
MC-EQ-002,65,1.12374,0,0,2,0,0
MC-EQ-002,66,1.17374,0,0,2,0,0
MC-EQ-002,67,1.22374,0,0,2,0,0
MC-EQ-002,68,1.27374,0,0,2,0,0
MC-EQ-002,69,1.32374,0,0,2,0,0
MC-EQ-002,70,1.37374,0,0,2,0,0
MC-EQ-002,71,1.42374,0,0,2,0,0
MC-EQ-002,72,1.47374,0,0,2,0,0
MC-EQ-002,73,1.52374,0,0,2,0,0
MC-EQ-002,74,1.57374,0,0,2,0,0
MC-EQ-002,75,1.62374,0,0,2,0,0
MC-EQ-002,76,1.67374,0,0,2,0,0
MC-EQ-002,77,1.72374,0,0,2,0,0
MC-EQ-002,78,1.77374,0,0,2,0,0
MC-EQ-002,79,1.82374,0,0,2,0,0
MC-EQ-002,80,1.87374,0,0,2,0,0
MC-EQ-002,81,1.92374,0,0,2,0,0
MC-EQ-002,82,1.97374,0,0,2,0,0
MC-EQ-002,83,2.02374,0,0,2,0,0
MC-EQ-002,84,2.07374,0,0,2,0,0
MC-EQ-002,85,2.12374,0,0,2,0,0
MC-EQ-002,86,2.17374,0,0,2,0,0
MC-EQ-002,87,2.22374,0,0,2,0,0
MC-EQ-002,88,2.27374,0,0,2,0,0
MC-EQ-002,89,2.32374,0,0,2,0,0
MC-EQ-002,90,2.37374,0,0,2,0,0
MC-EQ-002,91,2.42374,0,0,2,0,0
MC-EQ-002,92,2.47374,0,0,2,0,0
MC-EQ-002,93,2.52374,0,0,2,0,0
MC-EQ-002,94,2.57374,0,0,2,0,0
MC-EQ-002,95,2.62374,0,0,2,0,0
MC-EQ-002,96,2.67374,0,0,2,0,0
MC-EQ-002,97,2.72374,0,0,2,0,0
MC-EQ-002,98,2.77374,0,0,2,0,0
MC-EQ-002,99,2.82374,0,0,2,0,0
MC-EQ-002,100,2.87374,0,0,2,0,0
MC-EQ-002,101,2.92374,0,0,2,0,0
MC-EQ-002,102,2.97374,0,0,2,0,0
MC-EQ-002,103,3.02374,0,0,2,0,0
MC-EQ-002,104,3.07374,0,0,2,0,0
MC-EQ-002,105,3.12374,0,0,2,0,0
MC-EQ-002,106,3.17374,0,0,2,0,0
MC-EQ-002,107,3.22374,0,0,2,0,0
MC-EQ-002,108,3.27374,0,0,2,0,0
MC-EQ-002,109,3.32374,0,0,2,0,0
MC-EQ-002,110,3.37374,0,0,2,0,0
MC-EQ-002,111,3.42374,0,0,2,0,0
MC-EQ-002,112,3.47374,0,0,2,0,0
MC-EQ-002,113,3.52374,0,0,2,0,0
MC-EQ-002,114,3.57374,0,0,2,0,0
MC-EQ-002,115,3.62374,0,0,2,0,0
MC-EQ-002,116,3.67374,0,0,2,0,0
MC-EQ-002,117,3.72374,0,0,2,0,0
MC-EQ-002,118,3.77374,0,0,2,0,0
MC-EQ-002,119,3.82374,0,0,2,0,0
MC-EQ-002,120,3.87374,0,0,2,0,0
MC-EQ-002,121,3.92374,0,0,2,0,0
MC-EQ-002,122,3.97374,0,0,2,0,0
MC-EQ-002,123,4.02374,0,0,2,0,0
MC-EQ-002,124,4.07374,0,0,2,0,0
MC-EQ-002,125,4.12374,0,0,2,0,0
MC-EQ-002,126,4.17374,0,0,2,0,0
MC-EQ-002,127,4.22373999999999,0,0,2,0,0
MC-EQ-002,128,4.27373999999999,0,0,2,0,0
MC-EQ-002,129,4.32373999999999,0,0,2,0,0
MC-EQ-002,130,4.37373999999999,0,0,2,0,0
MC-EQ-002,131,4.42373999999999,0,0,2,0,0
MC-EQ-002,132,4.47373999999999,0,0,2,0,0
MC-EQ-002,133,4.52373999999999,0,0,2,0,0
MC-EQ-002,134,4.57373999999999,0,0,2,0,0
MC-EQ-002,135,4.62373999999999,0,0,2,0,0
MC-EQ-002,136,4.67373999999999,0,0,2,0,0
MC-EQ-002,137,4.72373999999999,0,0,2,0,0
MC-EQ-002,138,4.77373999999999,0,0,2,0,0
MC-EQ-002,139,4.82373999999999,0,0,2,0,0
MC-EQ-002,140,4.87373999999999,0,0,2,0,0
MC-EQ-002,141,4.92373999999999,0,0,2,0,0
MC-EQ-002,142,4.97373999999999,0,0,2,0,0
MC-EQ-002,143,5.02373999999999,0,0,2,0,0
MC-EQ-002,144,5.07373999999999,0,0,2,0,0
MC-EQ-002,145,5.12373999999999,0,0,2,0,0
MC-EQ-002,146,5.17373999999999,0,0,2,0,0
MC-EQ-002,147,5.22373999999999,0,0,2,0,0
MC-EQ-002,148,5.27373999999999,0,0,2,0,0
MC-EQ-002,149,5.32373999999999,0,0,2,0,0
MC-EQ-002,150,5.37373999999999,0,0,2,0,0
MC-EQ-002,151,5.42373999999999,0,0,2,0,0
MC-EQ-002,152,5.47373999999999,0,0,2,0,0
MC-EQ-002,153,5.52373999999999,0,0,2,0,0
MC-EQ-002,154,5.57373999999999,0,0,2,0,0
MC-EQ-002,155,5.62373999999999,0,0,2,0,0
MC-EQ-002,156,5.67373999999999,0,0,2,0,0
MC-EQ-002,157,5.72373999999999,0,0,2,0,0
MC-EQ-002,158,5.77373999999999,0,0,2,0,0
MC-EQ-002,159,5.82373999999999,0,0,2,0,0
MC-EQ-002,160,5.87373999999999,0,0,2,0,0
MC-EQ-002,161,5.92373999999999,0,0,2,0,0
MC-EQ-002,162,5.97373999999999,0,0,2,0,0
MC-EQ-002,163,6.02373999999999,0,0,2,0,0
MC-EQ-002,164,6.07373999999999,0,0,2,0,0
MC-EQ-002,165,6.12373999999999,0,0,2,0,0
MC-EQ-002,166,6.17373999999999,0,0,2,0,0
MC-EQ-002,167,6.22373999999999,0,0,2,0,0
MC-EQ-002,168,6.27373999999999,0,0,2,0,0
MC-EQ-002,169,6.32373999999999,0,0,2,0,0
MC-EQ-002,170,6.37373999999999,0,0,2,0,0
MC-EQ-002,171,6.42373999999999,0,0,2,0,0
MC-EQ-002,172,6.47373999999999,0,0,2,0,0
MC-EQ-002,173,6.52373999999999,0,0,2,0,0
MC-EQ-002,174,6.57373999999999,0,0,2,0,0
MC-EQ-002,175,6.62373999999999,0,0,2,0,0
MC-EQ-002,176,6.67373999999999,0,0,2,0,0
MC-EQ-002,177,6.72373999999999,0,0,2,0,0
MC-EQ-002,178,6.77373999999999,0,0,2,0,0
MC-EQ-002,179,6.82373999999999,0,0,2,0,0
MC-EQ-002,180,6.87373999999999,0,0,2,0,0
MC-EQ-002,181,6.92373999999999,0,0,2,0,0
MC-EQ-002,182,6.97373999999999,0,0,2,0,0
MC-EQ-002,183,7.02373999999998,0,0,2,0,0
MC-EQ-002,184,7.07373999999998,0,0,2,0,0
MC-EQ-002,185,7.12373999999998,0,0,2,0,0
MC-EQ-002,186,7.17373999999998,0,0,2,0,0
MC-EQ-002,187,7.22373999999998,0,0,2,0,0
MC-EQ-002,188,7.27373999999998,0,0,2,0,0
MC-EQ-002,189,7.32373999999998,0,0,2,0,0
MC-EQ-002,190,7.37373999999998,0,0,2,0,0
MC-EQ-002,191,7.42373999999998,0,0,2,0,0
MC-EQ-002,192,7.47373999999998,0,0,2,0,0
MC-EQ-002,193,7.52373999999998,0,0,2,0,0
MC-EQ-002,194,7.57373999999998,0,0,2,0,0
MC-EQ-002,195,7.62373999999998,0,0,2,0,0
MC-EQ-002,196,7.67373999999998,0,0,2,0,0
MC-EQ-002,197,7.72373999999998,0,0,2,0,0
MC-EQ-002,198,7.77373999999998,0,0,2,0,0
MC-EQ-002,199,7.82373999999998,0,0,2,0,0
MC-EQ-002,200,7.87373999999998,0,0,2,0,0
MC-EQ-002,201,7.92373999999998,0,0,2,0,0
MC-EQ-002,202,7.97373999999998,0,0,2,0,0
MC-EQ-002,203,8.02373999999998,0,0,2,0,0
MC-EQ-002,204,8.07373999999998,0,0,2,0,0
MC-EQ-002,205,8.12373999999998,0,0,2,0,0
MC-EQ-002,206,8.17373999999998,0,0,2,0,0
MC-EQ-002,207,8.22373999999999,0,0,2,0,0
MC-EQ-002,208,8.27373999999999,0,0,2,0,0
MC-EQ-002,209,8.32373999999999,0,0,2,0,0
MC-EQ-002,210,8.37373999999999,0,0,2,0,0
MC-EQ-002,211,8.42373999999999,0,0,2,0,0
MC-EQ-002,212,8.47373999999999,0,0,2,0,0
MC-EQ-002,213,8.52373999999999,0,0,2,0,0
MC-EQ-002,214,8.57373999999999,0,0,2,0,0
MC-EQ-002,215,8.62373999999999,0,0,2,0,0
MC-EQ-002,216,8.67373999999999,0,0,2,0,0
MC-EQ-002,217,8.72373999999999,0,0,2,0,0
MC-EQ-002,218,8.77373999999999,0,0,2,0,0
MC-EQ-002,219,8.82373999999999,0,0,2,0,0
MC-EQ-002,220,8.87373999999999,0,0,2,0,0
MC-EQ-002,221,8.92374,0,0,2,0,0
MC-EQ-002,222,8.97374,0,0,2,0,0
MC-EQ-002,223,9.02374,0,0,2,0,0
MC-EQ-002,224,9.07374,0,0,2,0,0
MC-EQ-002,225,9.12374,0,0,2,0,0
MC-EQ-002,226,9.17374,0,0,2,0,0
MC-EQ-002,227,9.22374,0,0,2,0,0
MC-EQ-002,228,9.27374,0,0,2,0,0
MC-EQ-002,229,9.32374,0,0,2,0,0
MC-EQ-002,230,9.37374,0,0,2,0,0
MC-EQ-002,231,9.42374,0,0,2,0,0
MC-EQ-002,232,9.47374,0,0,2,0,0
MC-EQ-002,233,9.52374,0,0,2,0,0
MC-EQ-002,234,9.57374,0,0,2,0,0
MC-EQ-002,235,9.62374000000001,0,0,2,0,0
MC-EQ-002,236,9.67374000000001,0,0,2,0,0
MC-EQ-002,237,9.72374000000001,0,0,2,0,0
MC-EQ-002,238,9.77374000000001,0,0,2,0,0
MC-EQ-002,239,9.82374000000001,0,0,2,0,0
MC-EQ-002,240,9.87374000000001,0,0,2,0,0
MC-EQ-002,241,9.92374000000001,0,0,2,0,0
MC-EQ-002,242,9.97374000000001,0,0,2,0,0
MC-EQ-002,243,10.02374,0,0,2,0,0
MC-EQ-002,244,10.07374,0,0,2,0,0
MC-EQ-002,245,10.12374,0,0,2,0,0
MC-EQ-002,246,10.17374,0,0,2,0,0
MC-EQ-002,247,10.22374,0,0,2,0,0
MC-EQ-002,248,10.27374,0,0,2,0,0
MC-EQ-002,249,10.32374,0,0,2,0,0
MC-EQ-002,250,10.37374,0,0,2,0,0
MC-EQ-002,251,10.42374,0,0,2,0,0
MC-EQ-002,252,10.47374,0,0,2,0,0
MC-EQ-002,253,10.52374,0,0,2,0,0
MC-EQ-002,254,10.57374,0,0,2,0,0
MC-EQ-002,255,10.62374,0,0,2,0,0
MC-EQ-002,256,10.67374,0,0,2,0,0
MC-EQ-002,257,10.72374,0,0,2,0,0
MC-EQ-002,258,10.77374,0,0,2,0,0
MC-EQ-002,259,10.82374,0,0,2,0,0
MC-EQ-002,260,10.87374,0,0,2,0,0
MC-EQ-002,261,10.92374,0,0,2,0,0
MC-EQ-002,262,10.97374,0,0,2,0,0
MC-EQ-002,263,11.02374,0,0,2,0,0
MC-EQ-002,264,11.07374,0,0,2,0,0
MC-EQ-002,265,11.12374,0,0,2,0,0
MC-EQ-002,266,11.17374,0,0,2,0,0
MC-EQ-002,267,11.22374,0,0,2,0,0
MC-EQ-002,268,11.27374,0,0,2,0,0
MC-EQ-002,269,11.32374,0,0,2,0,0
MC-EQ-002,270,11.37374,0,0,2,0,0
MC-EQ-002,271,11.42374,0,0,2,0,0
MC-EQ-002,272,11.47374,0,0,2,0,0
MC-EQ-002,273,11.52374,0,0,2,0,0
MC-EQ-002,274,11.57374,0,0,2,0,0
MC-EQ-002,275,11.62374,0,0,2,0,0
MC-EQ-002,276,11.67374,0,0,2,0,0
MC-EQ-002,277,11.72374,0,0,2,0,0
MC-EQ-002,278,11.77374,0,0,2,0,0
MC-EQ-002,279,11.82374,0,0,2,0,0
MC-EQ-002,280,11.87374,0,0,2,0,0
MC-EQ-002,281,11.92374,0,0,2,0,0
MC-EQ-002,282,11.97374,0,0,2,0,0
MC-EQ-002,283,12.02374,0,0,2,0,0
MC-EQ-002,284,12.07374,0,0,2,0,0
MC-EQ-002,285,12.12374,0,0,2,0,0
MC-EQ-002,286,12.17374,0,0,2,0,0
MC-EQ-002,287,12.22374,0,0,2,0,0
MC-EQ-002,288,12.27374,0,0,2,0,0
MC-EQ-002,289,12.32374,0,0,2,0,0
MC-EQ-002,290,12.37374,0,0,2,0,0
MC-EQ-002,291,12.42374,0,0,2,0,0
MC-EQ-002,292,12.47374,0,0,2,0,0
MC-EQ-002,293,12.52374,0,0,2,0,0
MC-EQ-002,294,12.57374,0,0,2,0,0
MC-EQ-002,295,12.62374,0,0,2,0,0
MC-EQ-002,296,12.67374,0,0,2,0,0
MC-EQ-002,297,12.72374,0,0,2,0,0
MC-EQ-002,298,12.77374,0,0,2,0,0
MC-EQ-002,299,12.8237400000001,0,0,2,0,0
